{
    "accuracy": 0.7954545454545454,
    "precision": 0.7867647058823529,
    "recall": 0.6729559748427673,
    "f1": 0.7254237288135593,
    "roc_auc": 0.7752965528222274
}